DateTime,Open,High,Low,Close,Tick Volume,Real Volume
2025.03.06 12:00,1.07992,1.0807099999999998,1.078815,1.080015,14303,0
2025.03.06 13:00,1.080015,1.08456,1.079095,1.082605,40345,0
2025.03.06 14:00,1.082605,1.08413,1.08113,1.08371,46542,0
2025.03.06 15:00,1.08371,1.085395,1.08114,1.081715,36380,0
2025.03.06 16:00,1.081715,1.0838299999999998,1.081525,1.08175,30277,0
2025.03.06 17:00,1.08175,1.08223,1.0791499999999998,1.07971,24561,0
2025.03.06 18:00,1.07971,1.080185,1.076565,1.07837,18012,0
2025.03.06 19:00,1.07837,1.0811600000000001,1.0782699999999998,1.0801699999999999,14786,0
2025.03.06 20:00,1.0801699999999999,1.08034,1.07855,1.078675,11087,0
2025.03.06 21:00,1.078675,1.0790600000000001,1.0775000000000001,1.07856,6896,0
2025.03.06 22:00,1.07856,1.0793949999999999,1.07825,1.0791849999999998,1935,0
2025.03.06 23:00,1.0791849999999998,1.0796350000000001,1.07846,1.078745,2889,0
2025.03.07 00:00,1.078745,1.079545,1.07869,1.07876,6895,0
2025.03.07 01:00,1.07876,1.079285,1.078115,1.0791149999999998,9872,0
2025.03.07 02:00,1.0791149999999998,1.07995,1.078465,1.07993,8673,0
2025.03.07 03:00,1.07993,1.0814650000000001,1.0796299999999999,1.080575,7295,0
2025.03.07 04:00,1.080575,1.0813199999999998,1.08029,1.0813000000000001,5290,0
2025.03.07 05:00,1.0813000000000001,1.0817700000000001,1.0807600000000002,1.08134,6792,0
2025.03.07 06:00,1.08134,1.082525,1.080805,1.082355,10202,0
2025.03.07 07:00,1.082355,1.0840800000000002,1.08201,1.08298,17448,0
2025.03.07 08:00,1.08298,1.085525,1.082625,1.0850749999999998,19381,0
2025.03.07 09:00,1.0850749999999998,1.0871399999999998,1.08446,1.086145,18997,0
2025.03.07 10:00,1.086145,1.0867049999999998,1.085745,1.0860750000000001,14882,0
2025.03.07 11:00,1.0860750000000001,1.0860750000000001,1.08445,1.08494,13695,0
2025.03.07 12:00,1.08494,1.085715,1.084125,1.08552,17246,0
2025.03.07 13:00,1.08552,1.08888,1.08429,1.08445,45826,0
2025.03.07 14:00,1.08445,1.0882,1.0844200000000002,1.085375,39198,0
2025.03.07 15:00,1.085375,1.08873,1.08354,1.087005,36434,0
2025.03.07 16:00,1.087005,1.087285,1.08375,1.085865,22971,0
2025.03.07 17:00,1.085865,1.0864349999999998,1.08319,1.08433,23712,0
2025.03.07 18:00,1.08433,1.084455,1.082565,1.084,16803,0
2025.03.07 19:00,1.084,1.084415,1.0833300000000001,1.08426,11913,0
2025.03.07 20:00,1.08426,1.084915,1.0840049999999999,1.084735,6818,0
2025.03.07 21:00,1.084735,1.0851250000000001,1.0830799999999998,1.08333,4377,0
2025.03.09 19:00,1.08333,1.083645,1.0833149999999998,1.083575,5,0
2025.03.09 20:00,1.083575,1.083615,1.0832,1.083475,12,0
2025.03.09 21:00,1.083475,1.0840999999999998,1.08308,1.084015,740,0
2025.03.09 22:00,1.084015,1.0859899999999998,1.0838999999999999,1.08495,6604,0
2025.03.09 23:00,1.08495,1.086555,1.0848499999999999,1.08601,8904,0
2025.03.10 00:00,1.08601,1.086725,1.0852849999999998,1.0864099999999999,9972,0
2025.03.10 01:00,1.0864099999999999,1.087125,1.0852499999999998,1.08548,12375,0
2025.03.10 02:00,1.08548,1.085585,1.08358,1.08371,9028,0
2025.03.10 03:00,1.08371,1.0838649999999999,1.0830199999999999,1.083165,8105,0
2025.03.10 04:00,1.083165,1.083775,1.083035,1.08307,5140,0
2025.03.10 05:00,1.08307,1.08357,1.082805,1.08351,7908,0
2025.03.10 06:00,1.08351,1.0844749999999999,1.08345,1.0837400000000001,10572,0
2025.03.10 07:00,1.0837400000000001,1.084425,1.0810849999999999,1.082265,17982,0
2025.03.10 08:00,1.082265,1.0824449999999999,1.0804999999999998,1.0809950000000002,25292,0
2025.03.10 09:00,1.0809950000000002,1.085665,1.080865,1.0851199999999999,22351,0
2025.03.10 10:00,1.0851199999999999,1.087465,1.085065,1.0861,20097,0
2025.03.10 11:00,1.0861,1.086455,1.081235,1.085065,33890,0
2025.03.10 12:00,1.085065,1.08601,1.0842049999999999,1.0844,20116,0
2025.03.10 13:00,1.0844,1.08508,1.08332,1.083515,19278,0
2025.03.10 14:00,1.083515,1.08468,1.08316,1.0845150000000001,21656,0
2025.03.10 15:00,1.0845150000000001,1.0848,1.0820750000000001,1.0836999999999999,18758,0
2025.03.10 16:00,1.0836999999999999,1.08419,1.082795,1.08303,14409,0
2025.03.10 17:00,1.08303,1.0845699999999998,1.0825749999999998,1.082995,12687,0
2025.03.10 18:00,1.082995,1.08353,1.0817700000000001,1.08297,15004,0
2025.03.10 19:00,1.08297,1.083275,1.08175,1.08318,11398,0
2025.03.10 20:00,1.08318,1.083675,1.0825749999999998,1.0834899999999998,6873,0
2025.03.10 21:00,1.0834899999999998,1.083705,1.0830799999999998,1.08351,392,0
2025.03.10 22:00,1.08351,1.084165,1.0833149999999998,1.083475,2185,0
2025.03.10 23:00,1.083475,1.084355,1.083475,1.083945,5270,0
2025.03.11 00:00,1.083945,1.0853549999999998,1.08391,1.0851600000000001,10347,0
2025.03.11 01:00,1.0851600000000001,1.08588,1.08436,1.085705,13727,0
2025.03.11 02:00,1.085705,1.08605,1.0850049999999998,1.0856,10349,0
2025.03.11 03:00,1.0856,1.0859899999999998,1.084895,1.08544,8429,0
2025.03.11 04:00,1.08544,1.08617,1.085055,1.085435,6531,0
2025.03.11 05:00,1.085435,1.0855700000000001,1.083555,1.083825,8756,0
2025.03.11 06:00,1.083825,1.087605,1.0836549999999998,1.085655,18579,0
2025.03.11 07:00,1.085655,1.090155,1.085525,1.089065,23892,0
2025.03.11 08:00,1.089065,1.0919249999999998,1.0884749999999999,1.0917249999999998,25831,0
2025.03.11 09:00,1.0917249999999998,1.0920899999999998,1.08961,1.09085,18428,0
2025.03.11 10:00,1.09085,1.09085,1.0882399999999999,1.08906,13556,0
2025.03.11 11:00,1.08906,1.09048,1.08812,1.090465,11774,0
2025.03.11 12:00,1.090465,1.092055,1.09021,1.091805,19080,0
2025.03.11 13:00,1.091805,1.09307,1.091145,1.09205,21172,0
2025.03.11 14:00,1.09205,1.092075,1.089505,1.09193,33366,0
2025.03.11 15:00,1.09193,1.0928749999999998,1.0912199999999999,1.09273,23338,0
2025.03.11 16:00,1.09273,1.092965,1.0918,1.0925099999999999,13509,0
2025.03.11 17:00,1.0925099999999999,1.0935000000000001,1.09238,1.0934249999999999,11930,0
2025.03.11 18:00,1.0934249999999999,1.09473,1.09252,1.09308,20145,0
2025.03.11 19:00,1.09308,1.0934,1.0919599999999998,1.09199,12823,0
2025.03.11 20:00,1.09199,1.09209,1.091015,1.091895,4791,0
2025.03.11 21:00,1.091895,1.092105,1.0911149999999998,1.091195,1463,0
2025.03.11 22:00,1.091195,1.09189,1.09116,1.091575,1911,0
2025.03.11 23:00,1.091575,1.0917750000000002,1.0913,1.0914000000000001,3201,0
2025.03.12 00:00,1.0914000000000001,1.091575,1.09056,1.090875,6639,0
2025.03.12 01:00,1.090875,1.091545,1.09057,1.09071,10531,0
2025.03.12 02:00,1.09071,1.09116,1.090325,1.090385,8665,0
2025.03.12 03:00,1.090385,1.0904850000000001,1.089615,1.0897350000000001,6802,0
2025.03.12 04:00,1.0897350000000001,1.090265,1.089575,1.08989,6672,0
2025.03.12 05:00,1.08989,1.0904349999999998,1.089515,1.090355,7544,0
2025.03.12 06:00,1.090355,1.0908950000000002,1.089195,1.0892249999999999,10478,0
2025.03.12 07:00,1.0892249999999999,1.090315,1.08875,1.0901649999999998,15595,0
2025.03.12 08:00,1.0901649999999998,1.092185,1.08978,1.092145,23346,0
2025.03.12 09:00,1.092145,1.092655,1.0913300000000001,1.091445,17785,0
2025.03.12 10:00,1.091445,1.092105,1.09046,1.09063,12804,0
2025.03.12 11:00,1.09063,1.0913,1.08994,1.0900949999999998,14067,0
2025.03.12 12:00,1.0900949999999998,1.0933,1.0876199999999998,1.087805,43079,0
2025.03.12 13:00,1.087805,1.08963,1.08757,1.0882299999999998,32706,0
2025.03.12 14:00,1.0882299999999998,1.0913599999999999,1.088105,1.09128,22094,0
2025.03.12 15:00,1.09128,1.092435,1.091,1.092435,19998,0
2025.03.12 16:00,1.092435,1.092795,1.090565,1.0905749999999999,14727,0
2025.03.12 17:00,1.0905749999999999,1.091425,1.0903299999999998,1.0906850000000001,12068,0
2025.03.12 18:00,1.0906850000000001,1.09096,1.0879699999999999,1.08846,11172,0
2025.03.12 19:00,1.08846,1.0897700000000001,1.0883099999999999,1.08901,10865,0
2025.03.12 20:00,1.08901,1.089365,1.08866,1.088795,4706,0
2025.03.12 21:00,1.088795,1.0891099999999998,1.08861,1.08863,587,0
2025.03.12 22:00,1.08863,1.089,1.0886049999999998,1.0889099999999998,1253,0
2025.03.12 23:00,1.0889099999999998,1.089005,1.0883249999999998,1.0885449999999999,2609,0
2025.03.13 00:00,1.0885449999999999,1.089195,1.08826,1.0891600000000001,4913,0
2025.03.13 01:00,1.0891600000000001,1.089335,1.08864,1.088975,7472,0
2025.03.13 02:00,1.088975,1.0897199999999998,1.08895,1.0895549999999998,6427,0
2025.03.13 03:00,1.0895549999999998,1.089565,1.088505,1.088505,4955,0
2025.03.13 04:00,1.088505,1.08936,1.0881750000000001,1.0893549999999999,5230,0
2025.03.13 05:00,1.0893549999999999,1.08936,1.0879249999999998,1.0885150000000001,8130,0
2025.03.13 06:00,1.0885150000000001,1.088555,1.086925,1.08745,11090,0
2025.03.13 07:00,1.08745,1.0885150000000001,1.085975,1.086535,16839,0
2025.03.13 08:00,1.086535,1.08839,1.085905,1.08732,23939,0
2025.03.13 09:00,1.08732,1.0885449999999999,1.0868699999999998,1.08793,14953,0
2025.03.13 10:00,1.08793,1.08829,1.08623,1.087005,14014,0
2025.03.13 11:00,1.087005,1.0875050000000002,1.0844649999999998,1.0856249999999998,21555,0
2025.03.13 12:00,1.0856249999999998,1.087875,1.082615,1.08347,34956,0
2025.03.13 13:00,1.08347,1.085325,1.0822500000000002,1.0847499999999999,23228,0
2025.03.13 14:00,1.0847499999999999,1.0869749999999998,1.08461,1.0865200000000002,23165,0
2025.03.13 15:00,1.0865200000000002,1.08718,1.0853899999999999,1.085845,24443,0
2025.03.13 16:00,1.085845,1.0878299999999999,1.085515,1.087265,18571,0
2025.03.13 17:00,1.087265,1.087355,1.08544,1.0854599999999999,14174,0
2025.03.13 18:00,1.0854599999999999,1.0857999999999999,1.0852149999999998,1.08535,11428,0
2025.03.13 19:00,1.08535,1.085685,1.084775,1.08482,8666,0
2025.03.13 20:00,1.08482,1.08561,1.084645,1.0852249999999999,4530,0
2025.03.13 21:00,1.0852249999999999,1.08562,1.084865,1.08529,631,0
2025.03.13 22:00,1.08529,1.085575,1.085115,1.0852499999999998,1597,0
2025.03.13 23:00,1.0852499999999998,1.0854949999999999,1.0850149999999998,1.0854849999999998,2988,0
2025.03.14 00:00,1.0854849999999998,1.085865,1.084835,1.0849099999999998,7631,0
2025.03.14 01:00,1.0849099999999998,1.084935,1.084055,1.084285,9503,0
2025.03.14 02:00,1.084285,1.084305,1.083425,1.0840299999999998,6579,0
2025.03.14 03:00,1.0840299999999998,1.08459,1.0837750000000002,1.084565,7138,0
2025.03.14 04:00,1.084565,1.084625,1.0837599999999998,1.0840999999999998,5377,0
2025.03.14 05:00,1.0840999999999998,1.08515,1.08408,1.085075,6338,0
2025.03.14 06:00,1.085075,1.085075,1.083515,1.08385,8057,0
2025.03.14 07:00,1.08385,1.0847250000000002,1.0830600000000001,1.0839249999999998,18125,0
2025.03.14 08:00,1.0839249999999998,1.085685,1.08354,1.0853899999999999,16335,0
2025.03.14 09:00,1.0853899999999999,1.08622,1.0846999999999998,1.0852249999999999,15004,0
2025.03.14 10:00,1.0852249999999999,1.091265,1.08515,1.0895000000000001,32795,0
2025.03.14 11:00,1.0895000000000001,1.090965,1.0887449999999999,1.089675,28682,0
2025.03.14 12:00,1.089675,1.0911499999999998,1.089005,1.089475,17114,0
2025.03.14 13:00,1.089475,1.08981,1.0870099999999998,1.08743,19285,0
2025.03.14 14:00,1.08743,1.08865,1.086545,1.08778,22843,0
2025.03.14 15:00,1.08778,1.0886749999999998,1.086675,1.087145,19171,0
2025.03.14 16:00,1.087145,1.08899,1.087035,1.0883099999999999,11902,0
2025.03.14 17:00,1.0883099999999999,1.08881,1.0879050000000001,1.088215,8782,0
2025.03.14 18:00,1.088215,1.08864,1.08734,1.08802,7349,0
2025.03.14 19:00,1.08802,1.08846,1.087835,1.08832,3940,0
2025.03.14 20:00,1.08832,1.088585,1.0877,1.08798,2952,0
2025.03.16 19:00,1.08798,1.0880299999999998,1.08757,1.087845,36,0
2025.03.16 20:00,1.087845,1.087965,1.0875849999999998,1.0878100000000002,55,0
2025.03.16 21:00,1.0878100000000002,1.08834,1.087715,1.0880999999999998,586,0
2025.03.16 22:00,1.0880999999999998,1.0885449999999999,1.087475,1.08815,3350,0
2025.03.16 23:00,1.08815,1.088525,1.08793,1.087965,3518,0
2025.03.17 00:00,1.087965,1.088295,1.087555,1.0879599999999998,4537,0
2025.03.17 01:00,1.0879599999999998,1.089035,1.087425,1.088495,7884,0
2025.03.17 02:00,1.088495,1.0885799999999999,1.087945,1.08813,5068,0
2025.03.17 03:00,1.08813,1.088635,1.087675,1.088355,4211,0
2025.03.17 04:00,1.088355,1.089385,1.08777,1.0882100000000001,5596,0
2025.03.17 05:00,1.0882100000000001,1.088225,1.08738,1.087765,4521,0
2025.03.17 06:00,1.087765,1.0884399999999999,1.08734,1.08778,5846,0
2025.03.17 07:00,1.08778,1.08845,1.086855,1.0876199999999998,12067,0
2025.03.17 08:00,1.0876199999999998,1.0886900000000002,1.0870549999999999,1.08838,15540,0
2025.03.17 09:00,1.08838,1.090045,1.0877,1.08998,12355,0
2025.03.17 10:00,1.08998,1.0909849999999999,1.08963,1.090785,9658,0
2025.03.17 11:00,1.090785,1.0912,1.089615,1.0901999999999998,8947,0
2025.03.17 12:00,1.0901999999999998,1.091005,1.0887349999999998,1.090185,20775,0
2025.03.17 13:00,1.090185,1.0906500000000001,1.089715,1.090485,17960,0
2025.03.17 14:00,1.090485,1.0918700000000001,1.090205,1.091605,16438,0
2025.03.17 15:00,1.091605,1.0929799999999998,1.09157,1.092155,14852,0
2025.03.17 16:00,1.092155,1.092625,1.091445,1.092115,9894,0
2025.03.17 17:00,1.092115,1.092395,1.09116,1.0914000000000001,8309,0
2025.03.17 18:00,1.0914000000000001,1.09265,1.091265,1.0925449999999999,8598,0
2025.03.17 19:00,1.0925449999999999,1.09257,1.091835,1.092055,5947,0
2025.03.17 20:00,1.092055,1.0927799999999999,1.09204,1.09225,3559,0
2025.03.17 21:00,1.09225,1.092455,1.091825,1.092285,917,0
2025.03.17 22:00,1.092285,1.092385,1.09193,1.092145,1395,0
2025.03.17 23:00,1.092145,1.0921949999999998,1.091815,1.0918199999999998,2108,0
2025.03.18 00:00,1.0918199999999998,1.0921150000000002,1.0915,1.0915949999999999,4840,0
2025.03.18 01:00,1.0915949999999999,1.09191,1.0912250000000001,1.091545,6890,0
2025.03.18 02:00,1.091545,1.091615,1.090785,1.090865,5429,0
2025.03.18 03:00,1.090865,1.09111,1.0906349999999998,1.0908449999999998,3875,0
2025.03.18 04:00,1.0908449999999998,1.091165,1.0907900000000001,1.091105,3522,0
2025.03.18 05:00,1.091105,1.09134,1.09073,1.090785,3910,0
2025.03.18 06:00,1.090785,1.09214,1.090355,1.0920899999999998,7116,0
2025.03.18 07:00,1.0920899999999998,1.0936599999999999,1.0916199999999998,1.093515,11292,0
2025.03.18 08:00,1.093515,1.095475,1.093295,1.0951499999999998,14913,0
2025.03.18 09:00,1.0951499999999998,1.0953249999999999,1.09395,1.09503,11254,0
2025.03.18 10:00,1.09503,1.095245,1.09317,1.0934149999999998,14215,0
2025.03.18 11:00,1.0934149999999998,1.093725,1.091415,1.0916299999999999,11776,0
2025.03.18 12:00,1.0916299999999999,1.09238,1.089255,1.0911499999999998,13352,0
2025.03.18 13:00,1.0911499999999998,1.092085,1.09016,1.0912600000000001,14421,0
2025.03.18 14:00,1.0912600000000001,1.0919699999999999,1.090695,1.091675,15749,0
2025.03.18 15:00,1.091675,1.0934149999999998,1.0896599999999999,1.09266,20621,0
2025.03.18 16:00,1.09266,1.093995,1.0923500000000002,1.093865,12206,0
2025.03.18 17:00,1.093865,1.095195,1.093855,1.095005,11301,0
2025.03.18 18:00,1.095005,1.095125,1.094055,1.094425,6929,0
2025.03.18 19:00,1.094425,1.0949749999999998,1.094145,1.094625,6551,0
2025.03.18 20:00,1.094625,1.0948799999999999,1.09428,1.09444,3163,0
2025.03.18 21:00,1.09444,1.094685,1.094175,1.0944949999999998,793,0
2025.03.18 22:00,1.0944949999999998,1.09462,1.09405,1.09419,1466,0
2025.03.18 23:00,1.09419,1.0943749999999999,1.0937549999999998,1.093845,1888,0
2025.03.19 00:00,1.093845,1.0938949999999998,1.0931899999999999,1.09347,4559,0
2025.03.19 01:00,1.09347,1.093785,1.09336,1.0937700000000001,4155,0
2025.03.19 02:00,1.0937700000000001,1.094515,1.093565,1.0941,3743,0
2025.03.19 03:00,1.0941,1.0943649999999998,1.09329,1.09382,3157,0
2025.03.19 04:00,1.09382,1.09382,1.0928049999999998,1.093,3150,0
2025.03.19 05:00,1.093,1.09363,1.0929799999999998,1.0931199999999999,4146,0
2025.03.19 06:00,1.0931199999999999,1.0932499999999998,1.0920649999999998,1.092075,7191,0
2025.03.19 07:00,1.092075,1.09232,1.0873149999999998,1.08927,22995,0
2025.03.19 08:00,1.08927,1.0910549999999999,1.0892149999999998,1.090725,16384,0
2025.03.19 09:00,1.090725,1.09103,1.0895549999999998,1.090255,10834,0
2025.03.19 10:00,1.090255,1.0904349999999998,1.089135,1.0899899999999998,8655,0
2025.03.19 11:00,1.0899899999999998,1.0913300000000001,1.089375,1.090835,10183,0
2025.03.19 12:00,1.090835,1.091765,1.08992,1.09012,15057,0
2025.03.19 13:00,1.09012,1.0903749999999999,1.08928,1.089445,15005,0
2025.03.19 14:00,1.089445,1.09006,1.0881750000000001,1.08839,12934,0
2025.03.19 15:00,1.08839,1.088795,1.08754,1.0876899999999998,11784,0
2025.03.19 16:00,1.0876899999999998,1.088645,1.0876,1.088505,9021,0
2025.03.19 17:00,1.088505,1.08853,1.086045,1.087065,12277,0
2025.03.19 18:00,1.087065,1.091335,1.086535,1.090745,33843,0
2025.03.19 19:00,1.090745,1.091285,1.088505,1.0898949999999998,20713,0
2025.03.19 20:00,1.0898949999999998,1.090605,1.089585,1.09024,3639,0
2025.03.19 21:00,1.09024,1.09059,1.090165,1.09058,537,0
2025.03.19 22:00,1.09058,1.09132,1.090355,1.0908699999999998,2015,0
2025.03.19 23:00,1.0908699999999998,1.09119,1.0905200000000002,1.09116,2999,0
2025.03.20 00:00,1.09116,1.0916549999999998,1.09037,1.09123,7967,0
2025.03.20 01:00,1.09123,1.09131,1.09035,1.090665,8409,0
2025.03.20 02:00,1.090665,1.09173,1.0906250000000002,1.09091,7545,0
2025.03.20 03:00,1.09091,1.0914099999999998,1.09071,1.09097,5954,0
2025.03.20 04:00,1.09097,1.0910549999999999,1.0900349999999999,1.0903299999999998,5242,0
2025.03.20 05:00,1.0903299999999998,1.0903399999999999,1.0890849999999999,1.089545,4839,0
2025.03.20 06:00,1.089545,1.08989,1.088975,1.08934,7398,0
2025.03.20 07:00,1.08934,1.089435,1.0864699999999998,1.08793,13928,0
2025.03.20 08:00,1.08793,1.0885799999999999,1.08631,1.086535,17147,0
2025.03.20 09:00,1.086535,1.08684,1.0838299999999998,1.0852249999999999,17518,0
2025.03.20 10:00,1.0852249999999999,1.0854599999999999,1.083335,1.08459,16907,0
2025.03.20 11:00,1.08459,1.085185,1.08393,1.0849449999999998,10992,0
2025.03.20 12:00,1.0849449999999998,1.08558,1.083085,1.0833849999999998,16316,0
2025.03.20 13:00,1.0833849999999998,1.08391,1.08147,1.082515,16696,0
2025.03.20 14:00,1.082515,1.0838700000000001,1.0822699999999998,1.0829399999999998,14247,0
2025.03.20 15:00,1.0829399999999998,1.084925,1.0823399999999999,1.08473,13206,0
2025.03.20 16:00,1.08473,1.08524,1.0842299999999998,1.0848749999999998,10005,0
2025.03.20 17:00,1.0848749999999998,1.0851899999999999,1.08391,1.0844550000000002,6732,0
2025.03.20 18:00,1.0844550000000002,1.084965,1.084195,1.084835,5655,0
2025.03.20 19:00,1.084835,1.085445,1.08472,1.085325,4690,0
2025.03.20 20:00,1.085325,1.085915,1.08496,1.0850399999999998,2588,0
2025.03.20 21:00,1.0850399999999998,1.08558,1.084975,1.08551,603,0
2025.03.20 22:00,1.08551,1.08588,1.08537,1.085715,1385,0
2025.03.20 23:00,1.085715,1.085785,1.0853199999999998,1.0853199999999998,2318,0
2025.03.21 00:00,1.0853199999999998,1.08588,1.0850749999999998,1.085325,4279,0
2025.03.21 01:00,1.085325,1.085565,1.0848399999999998,1.085235,6906,0
2025.03.21 02:00,1.085235,1.085515,1.084225,1.08441,5693,0
2025.03.21 03:00,1.08441,1.084635,1.083345,1.0834700000000002,4346,0
2025.03.21 04:00,1.0834700000000002,1.08366,1.08276,1.0830250000000001,3754,0
2025.03.21 05:00,1.0830250000000001,1.08303,1.081985,1.08285,6758,0
2025.03.21 06:00,1.08285,1.083735,1.08242,1.083415,7112,0
2025.03.21 07:00,1.083415,1.08418,1.0826850000000001,1.083895,10048,0
2025.03.21 08:00,1.083895,1.0845500000000001,1.0823999999999998,1.0836000000000001,11756,0
2025.03.21 09:00,1.0836000000000001,1.083895,1.082475,1.08257,7677,0
2025.03.21 10:00,1.08257,1.083885,1.082565,1.0836999999999999,8103,0
2025.03.21 11:00,1.0836999999999999,1.08514,1.0835050000000002,1.08508,8845,0
2025.03.21 12:00,1.08508,1.0861399999999999,1.082965,1.0832099999999998,14792,0
2025.03.21 13:00,1.0832099999999998,1.083605,1.082515,1.083215,14535,0
2025.03.21 14:00,1.083215,1.08357,1.08185,1.082365,12969,0
2025.03.21 15:00,1.082365,1.0829749999999998,1.079645,1.080625,16721,0
2025.03.21 16:00,1.080625,1.08249,1.08046,1.0818249999999998,17126,0
2025.03.21 17:00,1.0818249999999998,1.082555,1.08052,1.0822699999999998,9830,0
2025.03.21 18:00,1.0822699999999998,1.08269,1.081475,1.0821,8445,0
2025.03.21 19:00,1.0821,1.0824449999999999,1.08154,1.08178,4826,0
2025.03.21 20:00,1.08178,1.081945,1.08102,1.0816249999999998,3159,0
2025.03.23 19:00,1.0816249999999998,1.082185,1.080755,1.082145,18,0
2025.03.23 20:00,1.082145,1.082145,1.081095,1.0814949999999999,43,0
2025.03.23 21:00,1.0814949999999999,1.082005,1.0813899999999999,1.08189,371,0
2025.03.23 22:00,1.08189,1.0830099999999998,1.08162,1.08198,3887,0
2025.03.23 23:00,1.08198,1.0837149999999998,1.081865,1.08361,4941,0
2025.03.24 00:00,1.08361,1.0840100000000001,1.08327,1.08373,6838,0
2025.03.24 01:00,1.08373,1.0837599999999998,1.08228,1.0827399999999998,10336,0
2025.03.24 02:00,1.0827399999999998,1.083215,1.0824449999999999,1.0825,7453,0
2025.03.24 03:00,1.0825,1.0829399999999998,1.08201,1.082045,6054,0
2025.03.24 04:00,1.082045,1.08244,1.081705,1.08229,4824,0
2025.03.24 05:00,1.08229,1.0830899999999999,1.0818249999999998,1.082905,6844,0
2025.03.24 06:00,1.082905,1.08448,1.08279,1.083965,9542,0
2025.03.24 07:00,1.083965,1.085,1.0833,1.083815,11303,0
2025.03.24 08:00,1.083815,1.08583,1.0837400000000001,1.084305,19784,0
2025.03.24 09:00,1.084305,1.0845099999999999,1.0828449999999998,1.0839349999999999,15997,0
2025.03.24 10:00,1.0839349999999999,1.08548,1.08365,1.08481,10995,0
2025.03.24 11:00,1.08481,1.0849449999999998,1.083225,1.0832549999999999,9769,0
2025.03.24 12:00,1.0832549999999999,1.08346,1.08215,1.08297,11475,0
2025.03.24 13:00,1.08297,1.083075,1.0792549999999999,1.0793249999999999,16689,0
2025.03.24 14:00,1.0793249999999999,1.082025,1.07904,1.079945,19481,0
2025.03.24 15:00,1.079945,1.0805449999999999,1.07906,1.07939,14935,0
2025.03.24 16:00,1.07939,1.08073,1.07816,1.07918,12621,0
2025.03.24 17:00,1.07918,1.07966,1.07846,1.078765,9462,0
2025.03.24 18:00,1.078765,1.0813199999999998,1.078395,1.0805150000000001,11030,0
2025.03.24 19:00,1.0805150000000001,1.080715,1.079705,1.08022,3998,0
2025.03.24 20:00,1.08022,1.08062,1.079985,1.080085,3323,0
2025.03.24 21:00,1.080085,1.0802649999999998,1.0796350000000001,1.08011,1077,0
2025.03.24 22:00,1.08011,1.0803099999999999,1.079495,1.08025,1381,0
2025.03.24 23:00,1.08025,1.0803699999999998,1.08005,1.080255,1733,0
2025.03.25 00:00,1.080255,1.080315,1.0796000000000001,1.08002,4312,0
2025.03.25 01:00,1.08002,1.0808550000000001,1.0799949999999998,1.08011,6072,0
2025.03.25 02:00,1.08011,1.0805099999999999,1.0794199999999998,1.07966,5465,0
2025.03.25 03:00,1.07966,1.080365,1.079605,1.0803099999999999,4450,0
2025.03.25 04:00,1.0803099999999999,1.0809,1.0802649999999998,1.08034,3675,0
2025.03.25 05:00,1.08034,1.0807099999999998,1.08012,1.080305,3487,0
2025.03.25 06:00,1.080305,1.080455,1.079285,1.0794700000000002,6188,0
2025.03.25 07:00,1.0794700000000002,1.080215,1.07851,1.0787399999999998,9043,0
2025.03.25 08:00,1.0787399999999998,1.079235,1.077685,1.07905,12722,0
2025.03.25 09:00,1.07905,1.0804,1.0787550000000001,1.0800649999999998,10568,0
2025.03.25 10:00,1.0800649999999998,1.0824500000000001,1.0799949999999998,1.082025,11921,0
2025.03.25 11:00,1.082025,1.0827649999999998,1.08108,1.081795,11023,0
2025.03.25 12:00,1.081795,1.0830199999999999,1.081575,1.0825200000000001,10747,0
2025.03.25 13:00,1.0825200000000001,1.08278,1.0813899999999999,1.0817299999999999,14014,0
2025.03.25 14:00,1.0817299999999999,1.082185,1.08019,1.081255,17951,0
2025.03.25 15:00,1.081255,1.0819649999999998,1.0797249999999998,1.08033,16211,0
2025.03.25 16:00,1.08033,1.081315,1.08019,1.08066,11751,0
2025.03.25 17:00,1.08066,1.0817,1.080595,1.0809549999999999,7908,0
2025.03.25 18:00,1.0809549999999999,1.0809549999999999,1.07971,1.07985,7708,0
2025.03.25 19:00,1.07985,1.080185,1.079075,1.0795499999999998,8393,0
2025.03.25 20:00,1.0795499999999998,1.07958,1.078995,1.0791300000000001,2980,0
2025.03.25 21:00,1.0791300000000001,1.079625,1.07892,1.07921,493,0
2025.03.25 22:00,1.07921,1.079345,1.078795,1.078865,1682,0
2025.03.25 23:00,1.078865,1.078905,1.078525,1.078885,1567,0
2025.03.26 00:00,1.078885,1.07924,1.078355,1.07844,5344,0
2025.03.26 01:00,1.07844,1.0795499999999998,1.0777999999999999,1.07953,7685,0
2025.03.26 02:00,1.07953,1.0797149999999998,1.0790250000000001,1.0795249999999998,4064,0
2025.03.26 03:00,1.0795249999999998,1.0796299999999999,1.078395,1.078605,4136,0
2025.03.26 04:00,1.078605,1.0787849999999999,1.0781049999999999,1.0784099999999999,3073,0
2025.03.26 05:00,1.0784099999999999,1.07871,1.0777899999999998,1.078525,4903,0
2025.03.26 06:00,1.078525,1.07884,1.07821,1.0787,5605,0
2025.03.26 07:00,1.0787,1.079145,1.0781299999999998,1.078615,11767,0
2025.03.26 08:00,1.078615,1.07998,1.0785399999999998,1.07993,13818,0
2025.03.26 09:00,1.07993,1.080285,1.0792899999999999,1.079585,9708,0
2025.03.26 10:00,1.079585,1.080165,1.0786699999999998,1.07919,8360,0
2025.03.26 11:00,1.07919,1.07979,1.078865,1.079225,7378,0
2025.03.26 12:00,1.079225,1.07937,1.078185,1.07843,14451,0
2025.03.26 13:00,1.07843,1.07907,1.0767600000000002,1.07748,15644,0
2025.03.26 14:00,1.07748,1.07954,1.07731,1.07907,17354,0
2025.03.26 15:00,1.07907,1.0794549999999998,1.07675,1.078085,13027,0
2025.03.26 16:00,1.078085,1.0791849999999998,1.07769,1.078765,12340,0
2025.03.26 17:00,1.078765,1.078935,1.07519,1.0756700000000001,17715,0
2025.03.26 18:00,1.0756700000000001,1.076165,1.075315,1.07553,8314,0
2025.03.26 19:00,1.07553,1.07559,1.074395,1.0751499999999998,5897,0
2025.03.26 20:00,1.0751499999999998,1.0756700000000001,1.0750449999999998,1.07538,4255,0
2025.03.26 21:00,1.07538,1.075965,1.07349,1.07375,1984,0
2025.03.26 22:00,1.07375,1.0744699999999998,1.07329,1.07371,5323,0
2025.03.26 23:00,1.07371,1.074455,1.0735649999999999,1.0741049999999999,3982,0
2025.03.27 00:00,1.0741049999999999,1.0757599999999998,1.0740750000000001,1.075555,5835,0
2025.03.27 01:00,1.075555,1.076895,1.07552,1.076535,7066,0
2025.03.27 02:00,1.076535,1.078005,1.07649,1.0776,5638,0
2025.03.27 03:00,1.0776,1.0779800000000002,1.0773000000000001,1.07782,3843,0
2025.03.27 04:00,1.07782,1.0787,1.0776999999999999,1.07804,3744,0
2025.03.27 05:00,1.07804,1.0781299999999998,1.07638,1.076915,5136,0
2025.03.27 06:00,1.076915,1.078265,1.07681,1.07731,7574,0
2025.03.27 07:00,1.07731,1.077435,1.07541,1.07647,15280,0
2025.03.27 08:00,1.07647,1.077675,1.0755599999999998,1.0775899999999998,19257,0
2025.03.27 09:00,1.0775899999999998,1.0779100000000001,1.076105,1.07708,12679,0
2025.03.27 10:00,1.07708,1.0781749999999999,1.076635,1.0781749999999999,9718,0
2025.03.27 11:00,1.0781749999999999,1.0799599999999998,1.077875,1.07869,11349,0
2025.03.27 12:00,1.07869,1.079835,1.07832,1.0787049999999998,12479,0
2025.03.27 13:00,1.0787049999999998,1.07973,1.0776499999999998,1.078025,16520,0
2025.03.27 14:00,1.078025,1.079475,1.077725,1.07892,15076,0
2025.03.27 15:00,1.07892,1.08212,1.078545,1.0799699999999999,19754,0
2025.03.27 16:00,1.0799699999999999,1.07999,1.07917,1.0799050000000001,12773,0
2025.03.27 17:00,1.0799050000000001,1.0808749999999998,1.0789399999999998,1.078975,9071,0
2025.03.27 18:00,1.078975,1.07984,1.0789149999999998,1.079085,6274,0
2025.03.27 19:00,1.079085,1.07998,1.078835,1.07947,4648,0
2025.03.27 20:00,1.07947,1.08025,1.07939,1.0801349999999998,1985,0
2025.03.27 21:00,1.0801349999999998,1.080215,1.0795949999999999,1.079725,940,0
2025.03.27 22:00,1.079725,1.079885,1.079565,1.079645,1179,0
2025.03.27 23:00,1.079645,1.08014,1.0796199999999998,1.0800899999999998,2087,0
2025.03.28 00:00,1.0800899999999998,1.0800899999999998,1.07883,1.07948,5189,0
2025.03.28 01:00,1.07948,1.079885,1.0791499999999998,1.07946,6034,0
2025.03.28 02:00,1.07946,1.0796899999999998,1.0790250000000001,1.079465,5023,0
2025.03.28 03:00,1.079465,1.0796899999999998,1.079085,1.0792000000000002,3474,0
2025.03.28 04:00,1.0792000000000002,1.0793149999999998,1.0784349999999998,1.07885,3562,0
2025.03.28 05:00,1.07885,1.07931,1.078655,1.0790950000000001,4356,0
2025.03.28 06:00,1.0790950000000001,1.07923,1.078265,1.0785200000000001,4176,0
2025.03.28 07:00,1.0785200000000001,1.07998,1.078155,1.0787200000000001,9772,0
2025.03.28 08:00,1.0787200000000001,1.07965,1.077505,1.07783,12299,0
2025.03.28 09:00,1.07783,1.07805,1.0768849999999999,1.07736,9603,0
2025.03.28 10:00,1.07736,1.077865,1.07672,1.0768749999999998,7817,0
2025.03.28 11:00,1.0768749999999998,1.07749,1.0764399999999998,1.0771899999999999,6632,0
2025.03.28 12:00,1.0771899999999999,1.0792,1.07646,1.078895,13773,0
2025.03.28 13:00,1.078895,1.08168,1.078485,1.08104,23937,0
2025.03.28 14:00,1.08104,1.08314,1.0809349999999998,1.08231,18277,0
2025.03.28 15:00,1.08231,1.0844749999999999,1.08192,1.082515,17045,0
2025.03.28 16:00,1.082515,1.0833149999999998,1.0819999999999999,1.08217,10463,0
2025.03.28 17:00,1.08217,1.0828799999999998,1.0812,1.081955,8769,0
2025.03.28 18:00,1.081955,1.082795,1.081375,1.0824500000000001,7925,0
2025.03.28 19:00,1.0824500000000001,1.0828600000000002,1.08231,1.08256,6097,0
2025.03.28 20:00,1.08256,1.083625,1.08236,1.082615,3462,0
2025.03.30 18:00,1.082615,1.082615,1.081505,1.08191,56,0
2025.03.30 19:00,1.08191,1.08216,1.08164,1.0820949999999998,56,0
2025.03.30 20:00,1.0820949999999998,1.082125,1.0820249999999998,1.0820400000000001,21,0
2025.03.30 21:00,1.0820400000000001,1.082935,1.0815299999999999,1.08164,1314,0
2025.03.30 22:00,1.08164,1.082255,1.08053,1.0820949999999998,4810,0
2025.03.30 23:00,1.0820949999999998,1.08293,1.08106,1.08236,7550,0
2025.03.31 00:00,1.08236,1.084165,1.082315,1.084165,8421,0
2025.03.31 01:00,1.084165,1.0845449999999999,1.0831,1.083135,9069,0
2025.03.31 02:00,1.083135,1.0845850000000001,1.0829,1.0840649999999998,6155,0
2025.03.31 03:00,1.0840649999999998,1.08416,1.08324,1.0833,5000,0
2025.03.31 04:00,1.0833,1.0835949999999999,1.08312,1.0834199999999998,3922,0
2025.03.31 05:00,1.0834199999999998,1.0842999999999998,1.0831149999999998,1.08343,5761,0
2025.03.31 06:00,1.08343,1.084495,1.082475,1.08374,15810,0
2025.03.31 07:00,1.08374,1.08494,1.08208,1.0831650000000002,19194,0
2025.03.31 08:00,1.0831650000000002,1.083425,1.081165,1.082745,14603,0
2025.03.31 09:00,1.082745,1.0830600000000001,1.08147,1.08161,9883,0
2025.03.31 10:00,1.08161,1.082085,1.0805500000000001,1.0818400000000001,9742,0
2025.03.31 11:00,1.0818400000000001,1.082935,1.0815299999999999,1.0819649999999998,10662,0
2025.03.31 12:00,1.0819649999999998,1.082115,1.08011,1.080365,11283,0
2025.03.31 13:00,1.080365,1.08215,1.0802649999999998,1.08081,15363,0
2025.03.31 14:00,1.08081,1.0808749999999998,1.0783999999999998,1.0802100000000001,21444,0
2025.03.31 15:00,1.0802100000000001,1.08169,1.07905,1.079415,25318,0
2025.03.31 16:00,1.079415,1.081615,1.07851,1.08117,13089,0
2025.03.31 17:00,1.08117,1.08177,1.0807799999999999,1.081475,7093,0
2025.03.31 18:00,1.081475,1.0817999999999999,1.0807099999999998,1.08148,7137,0
2025.03.31 19:00,1.08148,1.081985,1.0811799999999998,1.08142,6380,0
2025.03.31 20:00,1.08142,1.08189,1.08094,1.0816499999999998,3165,0
2025.03.31 21:00,1.0816499999999998,1.082045,1.0815700000000001,1.0819649999999998,701,0
2025.03.31 22:00,1.0819649999999998,1.081985,1.0816050000000001,1.081855,1176,0
2025.03.31 23:00,1.081855,1.08197,1.0814149999999998,1.081755,2420,0
2025.04.01 00:00,1.081755,1.082665,1.08175,1.082515,5519,0
2025.04.01 01:00,1.082515,1.082675,1.081705,1.082065,5963,0
2025.04.01 02:00,1.082065,1.08284,1.08201,1.082405,5379,0
2025.04.01 03:00,1.082405,1.082795,1.08212,1.0826850000000001,4751,0
2025.04.01 04:00,1.0826850000000001,1.083005,1.0824799999999999,1.08251,3785,0
2025.04.01 05:00,1.08251,1.082535,1.080655,1.080715,6668,0
2025.04.01 06:00,1.080715,1.08106,1.079895,1.08083,10141,0
2025.04.01 07:00,1.08083,1.0812499999999998,1.07992,1.08018,14763,0
2025.04.01 08:00,1.08018,1.08181,1.080045,1.08178,8957,0
2025.04.01 09:00,1.08178,1.082925,1.081475,1.08174,10008,0
2025.04.01 10:00,1.08174,1.081855,1.079005,1.079815,16086,0
2025.04.01 11:00,1.079815,1.079855,1.07783,1.0781049999999999,14365,0
2025.04.01 12:00,1.0781049999999999,1.0795249999999998,1.0781049999999999,1.0787200000000001,11404,0
2025.04.01 13:00,1.0787200000000001,1.0795499999999998,1.077935,1.0787550000000001,14094,0
2025.04.01 14:00,1.0787550000000001,1.0812499999999998,1.0784799999999999,1.08075,25510,0
2025.04.01 15:00,1.08075,1.08124,1.079845,1.079945,17503,0
2025.04.01 16:00,1.079945,1.0803099999999999,1.079265,1.07996,10068,0
2025.04.01 17:00,1.07996,1.08046,1.079125,1.0792950000000001,5872,0
2025.04.01 18:00,1.0792950000000001,1.0794799999999998,1.078515,1.0787149999999999,7012,0
2025.04.01 19:00,1.0787149999999999,1.079095,1.078545,1.07898,4813,0
2025.04.01 20:00,1.07898,1.08019,1.078865,1.079305,5663,0
2025.04.01 21:00,1.079305,1.0796299999999999,1.0788799999999998,1.0793949999999999,1112,0
2025.04.01 22:00,1.0793949999999999,1.0808,1.079285,1.07991,2633,0
2025.04.01 23:00,1.07991,1.0799750000000001,1.079415,1.0794199999999998,2390,0
2025.04.02 00:00,1.0794199999999998,1.079495,1.078905,1.079035,5726,0
2025.04.02 01:00,1.079035,1.079575,1.07871,1.07957,5198,0
2025.04.02 02:00,1.07957,1.08018,1.0794199999999998,1.079445,4330,0
2025.04.02 03:00,1.079445,1.0800049999999999,1.079375,1.07958,2997,0
2025.04.02 04:00,1.07958,1.079745,1.07925,1.07927,2351,0
2025.04.02 05:00,1.07927,1.07927,1.0786099999999998,1.078955,4511,0
2025.04.02 06:00,1.078955,1.0796350000000001,1.078745,1.0792799999999998,8275,0
2025.04.02 07:00,1.0792799999999998,1.0794799999999998,1.078025,1.07918,10508,0
2025.04.02 08:00,1.07918,1.08018,1.0790549999999999,1.079755,8851,0
2025.04.02 09:00,1.079755,1.080825,1.0795849999999998,1.0806049999999998,8072,0
2025.04.02 10:00,1.0806049999999998,1.080685,1.078595,1.0794799999999998,11339,0
2025.04.02 11:00,1.0794799999999998,1.08062,1.079105,1.0802450000000001,9063,0
2025.04.02 12:00,1.0802450000000001,1.081955,1.07964,1.0819100000000001,13659,0
2025.04.02 13:00,1.0819100000000001,1.082925,1.081475,1.0826500000000001,15549,0
2025.04.02 14:00,1.0826500000000001,1.086175,1.0819,1.08584,21814,0
2025.04.02 15:00,1.08584,1.0873300000000001,1.085095,1.086745,17778,0
2025.04.02 16:00,1.086745,1.08677,1.0846900000000002,1.0852149999999998,10873,0
2025.04.02 17:00,1.0852149999999998,1.085955,1.08499,1.085175,7698,0
2025.04.02 18:00,1.085175,1.085925,1.084785,1.0854149999999998,7380,0
2025.04.02 19:00,1.0854149999999998,1.08561,1.08469,1.084985,7349,0
2025.04.02 20:00,1.084985,1.0924550000000002,1.081055,1.0851549999999999,71569,0
2025.04.02 21:00,1.0851549999999999,1.08563,1.08108,1.08279,2428,0
2025.04.02 22:00,1.08279,1.0839699999999999,1.08049,1.083905,18365,0
2025.04.02 23:00,1.083905,1.0911,1.08377,1.090455,31207,0
2025.04.03 00:00,1.090455,1.090745,1.0879750000000001,1.08907,30864,0
2025.04.03 01:00,1.08907,1.092325,1.088665,1.09161,20376,0
2025.04.03 02:00,1.09161,1.09248,1.09091,1.0912250000000001,12860,0
2025.04.03 03:00,1.0912250000000001,1.09211,1.0907550000000001,1.091495,10995,0
2025.04.03 04:00,1.091495,1.09166,1.0905749999999999,1.0907,9384,0
2025.04.03 05:00,1.0907,1.095205,1.0906500000000001,1.0944249999999998,16727,0
2025.04.03 06:00,1.0944249999999998,1.099015,1.093505,1.09897,37363,0
2025.04.03 07:00,1.09897,1.099035,1.0943049999999999,1.097065,33233,0
2025.04.03 08:00,1.097065,1.10212,1.0970499999999999,1.1009250000000002,24864,0
2025.04.03 09:00,1.1009250000000002,1.104735,1.10038,1.103075,29022,0
2025.04.03 10:00,1.103075,1.1146099999999999,1.1027900000000002,1.10526,62289,0
2025.04.03 11:00,1.10526,1.110125,1.103895,1.108765,36354,0
2025.04.03 12:00,1.108765,1.110945,1.10728,1.10819,40751,0
2025.04.03 13:00,1.10819,1.11351,1.10702,1.10812,51646,0
2025.04.03 14:00,1.10812,1.1127699999999998,1.107895,1.1118350000000001,43541,0
2025.04.03 15:00,1.1118350000000001,1.111895,1.1041150000000002,1.10506,34512,0
2025.04.03 16:00,1.10506,1.1055799999999998,1.10327,1.1038549999999998,23710,0
2025.04.03 17:00,1.1038549999999998,1.103965,1.1018050000000001,1.10244,16761,0
2025.04.03 18:00,1.10244,1.10408,1.101935,1.1037400000000002,12254,0
2025.04.03 19:00,1.1037400000000002,1.103745,1.1015799999999998,1.10271,10556,0
2025.04.03 20:00,1.10271,1.105305,1.102205,1.1052049999999998,9529,0
2025.04.03 21:00,1.1052049999999998,1.105385,1.10483,1.10519,797,0
2025.04.03 22:00,1.10519,1.1071550000000001,1.10496,1.1064349999999998,6181,0
2025.04.03 23:00,1.1064349999999998,1.10649,1.104215,1.10453,10234,0
2025.04.04 00:00,1.10453,1.1064349999999998,1.10367,1.106075,15214,0
2025.04.04 01:00,1.106075,1.10732,1.105705,1.1065450000000001,13417,0
2025.04.04 02:00,1.1065450000000001,1.107955,1.1060699999999999,1.1063299999999998,12457,0
2025.04.04 03:00,1.1063299999999998,1.109855,1.1057350000000001,1.10937,14713,0
2025.04.04 04:00,1.10937,1.109835,1.108215,1.1087349999999998,12782,0
2025.04.04 05:00,1.1087349999999998,1.1107749999999998,1.1078549999999998,1.108435,14189,0
2025.04.04 06:00,1.108435,1.10863,1.10499,1.10506,20275,0
2025.04.04 07:00,1.10506,1.1067,1.099965,1.1004,32203,0
2025.04.04 08:00,1.1004,1.100965,1.09754,1.099625,39278,0
2025.04.04 09:00,1.099625,1.099755,1.097135,1.0984500000000001,27645,0
2025.04.04 10:00,1.0984500000000001,1.105005,1.0964450000000001,1.1030349999999998,56426,0
2025.04.04 11:00,1.1030349999999998,1.1079949999999998,1.1021999999999998,1.106015,62076,0
2025.04.04 12:00,1.106015,1.109055,1.100765,1.1019899999999998,87714,0
2025.04.04 13:00,1.1019899999999998,1.1048149999999999,1.100505,1.1005699999999998,71681,0
2025.04.04 14:00,1.1005699999999998,1.101505,1.096005,1.0986099999999999,70023,0
2025.04.04 15:00,1.0986099999999999,1.1016949999999999,1.096705,1.101385,84204,0
2025.04.04 16:00,1.101385,1.1019700000000001,1.0961599999999998,1.0971250000000001,41532,0
2025.04.04 17:00,1.0971250000000001,1.0976949999999999,1.0924049999999998,1.09473,46057,0
2025.04.04 18:00,1.09473,1.0967250000000002,1.093915,1.0944500000000001,29143,0
2025.04.04 19:00,1.0944500000000001,1.09647,1.09276,1.0943399999999999,23335,0
2025.04.04 20:00,1.0943399999999999,1.09684,1.093265,1.0964049999999999,14132,0
2025.04.06 19:00,1.0964049999999999,1.0964049999999999,1.09112,1.0912549999999999,440,0
2025.04.06 20:00,1.0912549999999999,1.09139,1.08833,1.08925,378,0
2025.04.06 21:00,1.08925,1.0922999999999998,1.08806,1.091645,951,0
2025.04.06 22:00,1.091645,1.09946,1.0915650000000001,1.09823,26595,0
2025.04.06 23:00,1.09823,1.10018,1.098115,1.098315,34810,0
2025.04.07 00:00,1.098315,1.0983649999999998,1.09455,1.0967099999999999,38522,0
2025.04.07 01:00,1.0967099999999999,1.09802,1.09544,1.0964049999999999,35742,0
2025.04.07 02:00,1.0964049999999999,1.0965449999999999,1.0919849999999998,1.093505,23093,0
2025.04.07 03:00,1.093505,1.09547,1.092975,1.0950199999999999,12463,0
2025.04.07 04:00,1.0950199999999999,1.09877,1.0947999999999998,1.0984949999999998,13213,0
2025.04.07 05:00,1.0984949999999998,1.102075,1.097805,1.101835,28787,0
2025.04.07 06:00,1.101835,1.102315,1.0993749999999998,1.100305,47809,0
2025.04.07 07:00,1.100305,1.105025,1.0997949999999999,1.10007,61577,0
2025.04.07 08:00,1.10007,1.1021899999999998,1.0967799999999999,1.09918,48396,0
2025.04.07 09:00,1.09918,1.09965,1.0949900000000001,1.09627,40586,0
2025.04.07 10:00,1.09627,1.099095,1.095765,1.095885,40685,0
2025.04.07 11:00,1.095885,1.096965,1.0934949999999999,1.096965,44584,0
2025.04.07 12:00,1.096965,1.09916,1.0939199999999998,1.0973600000000001,51993,0
2025.04.07 13:00,1.0973600000000001,1.09771,1.093725,1.094145,50793,0
2025.04.07 14:00,1.094145,1.09826,1.091675,1.0921949999999998,113816,0
2025.04.07 15:00,1.0921949999999998,1.093645,1.0900349999999999,1.091145,71712,0
2025.04.07 16:00,1.091145,1.0932749999999998,1.0903999999999998,1.0932300000000001,34729,0
2025.04.07 17:00,1.0932300000000001,1.0950199999999999,1.092955,1.09389,30934,0
2025.04.07 18:00,1.09389,1.09528,1.092355,1.0933549999999999,23517,0
2025.04.07 19:00,1.0933549999999999,1.094835,1.091365,1.091615,23176,0
2025.04.07 20:00,1.091615,1.0919750000000001,1.0901649999999998,1.09076,12129,0
2025.04.07 21:00,1.09076,1.0916,1.09044,1.09133,354,0
2025.04.07 22:00,1.09133,1.092085,1.090835,1.091715,4964,0
2025.04.07 23:00,1.091715,1.091915,1.09077,1.0914700000000002,7934,0
2025.04.08 00:00,1.0914700000000002,1.09507,1.0914700000000002,1.09398,18047,0
2025.04.08 01:00,1.09398,1.09633,1.0937999999999999,1.09625,24182,0
2025.04.08 02:00,1.09625,1.0980249999999998,1.09615,1.097135,12558,0
2025.04.08 03:00,1.097135,1.097205,1.0960800000000002,1.0963349999999998,9274,0
2025.04.08 04:00,1.0963349999999998,1.097945,1.0962,1.097605,10777,0
2025.04.08 05:00,1.097605,1.097605,1.09538,1.0968149999999999,14090,0
2025.04.08 06:00,1.0968149999999999,1.099205,1.09611,1.0976750000000002,28537,0
2025.04.08 07:00,1.0976750000000002,1.098075,1.092155,1.092365,42766,0
2025.04.08 08:00,1.092365,1.0948799999999999,1.0922749999999999,1.0936499999999998,28970,0
2025.04.08 09:00,1.0936499999999998,1.093745,1.09111,1.09198,29300,0
2025.04.08 10:00,1.09198,1.09394,1.091355,1.09277,23893,0
2025.04.08 11:00,1.09277,1.09448,1.092495,1.093405,28594,0
2025.04.08 12:00,1.093405,1.0968499999999999,1.093405,1.0948499999999999,27913,0
2025.04.08 13:00,1.0948499999999999,1.095575,1.092695,1.093575,45845,0
2025.04.08 14:00,1.093575,1.09361,1.0888200000000001,1.0910250000000001,47297,0
2025.04.08 15:00,1.0910250000000001,1.09194,1.089585,1.09117,28829,0
2025.04.08 16:00,1.09117,1.093245,1.089865,1.0929699999999998,29429,0
2025.04.08 17:00,1.0929699999999998,1.09489,1.0926049999999998,1.0933799999999998,34547,0
2025.04.08 18:00,1.0933799999999998,1.0969449999999998,1.0929600000000002,1.095215,29483,0
2025.04.08 19:00,1.095215,1.0977999999999999,1.095065,1.095415,24875,0
2025.04.08 20:00,1.095415,1.096295,1.093885,1.09567,8743,0
2025.04.08 21:00,1.09567,1.095985,1.0951,1.095895,269,0
2025.04.08 22:00,1.095895,1.097775,1.0956299999999999,1.09683,6683,0
2025.04.08 23:00,1.09683,1.098525,1.0966550000000002,1.0977549999999998,13663,0
2025.04.09 00:00,1.0977549999999998,1.101675,1.0971199999999999,1.101495,34536,0
2025.04.09 01:00,1.101495,1.104005,1.101375,1.102015,42686,0
2025.04.09 02:00,1.102015,1.1028850000000001,1.1009449999999998,1.101975,23979,0
2025.04.09 03:00,1.101975,1.1035849999999998,1.1012650000000002,1.1019700000000001,23227,0
2025.04.09 04:00,1.1019700000000001,1.1069,1.1018750000000002,1.1068349999999998,37088,0
2025.04.09 05:00,1.1068349999999998,1.1068349999999998,1.1029,1.1061450000000002,32939,0
2025.04.09 06:00,1.1061450000000002,1.1090149999999999,1.10425,1.1072899999999999,60028,0
2025.04.09 07:00,1.1072899999999999,1.10797,1.1009449999999998,1.101545,72687,0
2025.04.09 08:00,1.101545,1.10351,1.0997949999999999,1.10276,48633,0
2025.04.09 09:00,1.10276,1.1050049999999998,1.1009449999999998,1.104425,35514,0
2025.04.09 10:00,1.104425,1.1057899999999998,1.10251,1.1033149999999998,35227,0
2025.04.09 11:00,1.1033149999999998,1.10569,1.10215,1.103545,67736,0
2025.04.09 12:00,1.103545,1.109515,1.103465,1.1075599999999999,52711,0
2025.04.09 13:00,1.1075599999999999,1.1082049999999999,1.103275,1.1045099999999999,57296,0
2025.04.09 14:00,1.1045099999999999,1.10514,1.102605,1.10408,43009,0
2025.04.09 15:00,1.10408,1.106935,1.10366,1.103815,29344,0
2025.04.09 16:00,1.103815,1.1042649999999998,1.1013600000000001,1.1020349999999999,24214,0
2025.04.09 17:00,1.1020349999999999,1.10642,1.0945749999999999,1.0976599999999999,115084,0
2025.04.09 18:00,1.0976599999999999,1.098325,1.09132,1.09638,81824,0
2025.04.09 19:00,1.09638,1.097675,1.093245,1.0936050000000002,43025,0
2025.04.09 20:00,1.0936050000000002,1.096225,1.092865,1.0949,23033,0
2025.04.09 21:00,1.0949,1.095605,1.094825,1.09509,877,0
2025.04.09 22:00,1.09509,1.096325,1.094885,1.0960699999999999,10177,0
2025.04.09 23:00,1.0960699999999999,1.096145,1.0943049999999999,1.095085,13737,0
2025.04.10 00:00,1.095085,1.0986850000000001,1.0950199999999999,1.09864,24678,0
2025.04.10 01:00,1.09864,1.0987900000000002,1.0969250000000001,1.09753,19280,0
2025.04.10 02:00,1.09753,1.097915,1.096125,1.0971950000000001,16168,0
2025.04.10 03:00,1.0971950000000001,1.098925,1.09704,1.0981649999999998,14747,0
2025.04.10 04:00,1.0981649999999998,1.098515,1.0977549999999998,1.098285,11901,0
2025.04.10 05:00,1.098285,1.09957,1.0977700000000001,1.09857,13410,0
2025.04.10 06:00,1.09857,1.0989,1.09627,1.098315,29294,0
2025.04.10 07:00,1.098315,1.103085,1.096755,1.1026449999999999,46657,0
2025.04.10 08:00,1.1026449999999999,1.1047850000000001,1.101615,1.1037599999999999,37141,0
2025.04.10 09:00,1.1037599999999999,1.10601,1.1033499999999998,1.10591,31230,0
2025.04.10 10:00,1.10591,1.108115,1.105495,1.10798,31327,0
2025.04.10 11:00,1.10798,1.1088749999999998,1.106715,1.107025,26744,0
2025.04.10 12:00,1.107025,1.1132149999999998,1.1067900000000002,1.109735,49852,0
2025.04.10 13:00,1.109735,1.11344,1.1090900000000001,1.112705,35435,0
2025.04.10 14:00,1.112705,1.1186349999999998,1.112435,1.118555,43338,0
2025.04.10 15:00,1.118555,1.12293,1.11537,1.1191049999999998,57918,0
2025.04.10 16:00,1.1191049999999998,1.12107,1.1177549999999998,1.1196899999999999,47123,0
2025.04.10 17:00,1.1196899999999999,1.121095,1.11742,1.12099,35606,0
2025.04.10 18:00,1.12099,1.12418,1.1200999999999999,1.1215449999999998,31448,0
2025.04.10 19:00,1.1215449999999998,1.1219649999999999,1.1158649999999999,1.120485,35236,0
2025.04.10 20:00,1.120485,1.1205150000000001,1.1181199999999998,1.12008,14105,0
2025.04.10 21:00,1.12008,1.12011,1.11907,1.1195,677,0
2025.04.10 22:00,1.1195,1.12352,1.119355,1.1234799999999998,13193,0
2025.04.10 23:00,1.1234799999999998,1.126245,1.12134,1.12574,32383,0
2025.04.11 00:00,1.12574,1.1385299999999998,1.12514,1.1309799999999999,71939,0
2025.04.11 01:00,1.1309799999999999,1.1322999999999999,1.1275849999999998,1.13104,58247,0
2025.04.11 02:00,1.13104,1.1323249999999998,1.1295250000000001,1.13025,34736,0
2025.04.11 03:00,1.13025,1.13545,1.13022,1.134085,25301,0
2025.04.11 04:00,1.134085,1.13411,1.131015,1.132245,19165,0
2025.04.11 05:00,1.132245,1.13235,1.1270799999999999,1.128555,26499,0
2025.04.11 06:00,1.128555,1.129035,1.1246299999999998,1.1286649999999998,43690,0
2025.04.11 07:00,1.1286649999999998,1.13694,1.1284,1.13642,66339,0
2025.04.11 08:00,1.13642,1.1474099999999998,1.13491,1.142695,87893,0
2025.04.11 09:00,1.142695,1.142695,1.1384599999999998,1.138545,55792,0
2025.04.11 10:00,1.138545,1.138545,1.1320199999999998,1.13365,54778,0
2025.04.11 11:00,1.13365,1.1371449999999999,1.132345,1.13289,41036,0
2025.04.11 12:00,1.13289,1.1398899999999998,1.132435,1.139545,55640,0
2025.04.11 13:00,1.139545,1.141245,1.13239,1.136155,80802,0
2025.04.11 14:00,1.136155,1.13821,1.1327249999999998,1.13401,76486,0
2025.04.11 15:00,1.13401,1.135005,1.131205,1.1324649999999998,48045,0
2025.04.11 16:00,1.1324649999999998,1.132715,1.12763,1.1305999999999998,35765,0
2025.04.11 17:00,1.1305999999999998,1.1327150000000001,1.128225,1.128565,27449,0
2025.04.11 18:00,1.128565,1.132135,1.12845,1.13124,24374,0
2025.04.11 19:00,1.13124,1.13439,1.13093,1.1341649999999999,16385,0
2025.04.11 20:00,1.1341649999999999,1.13631,1.1336749999999998,1.1360350000000001,8877,0
2025.04.13 19:00,1.1360350000000001,1.1360350000000001,1.1282649999999999,1.13029,370,0
2025.04.13 20:00,1.13029,1.13265,1.13029,1.132515,105,0
2025.04.13 21:00,1.132515,1.132515,1.131785,1.1319949999999999,371,0
2025.04.13 22:00,1.1319949999999999,1.135535,1.131945,1.133435,15661,0
2025.04.13 23:00,1.133435,1.13494,1.1324049999999999,1.1342249999999998,17984,0
2025.04.14 00:00,1.1342249999999998,1.1370749999999998,1.13409,1.1365249999999998,25558,0
2025.04.14 01:00,1.1365249999999998,1.140915,1.136425,1.13852,30622,0
2025.04.14 02:00,1.13852,1.1401499999999998,1.13709,1.13721,19291,0
2025.04.14 03:00,1.13721,1.138395,1.13577,1.137165,17252,0
2025.04.14 04:00,1.137165,1.1385299999999998,1.136555,1.136765,11614,0
2025.04.14 05:00,1.136765,1.138805,1.135295,1.138545,15339,0
2025.04.14 06:00,1.138545,1.142385,1.1376499999999998,1.14169,36042,0
2025.04.14 07:00,1.14169,1.142465,1.1383299999999998,1.13899,37401,0
2025.04.14 08:00,1.13899,1.140985,1.1378300000000001,1.1387649999999998,31175,0
2025.04.14 09:00,1.1387649999999998,1.14078,1.13866,1.138675,26540,0
2025.04.14 10:00,1.138675,1.1392250000000002,1.13715,1.1387399999999999,20262,0
2025.04.14 11:00,1.1387399999999999,1.1406049999999999,1.1372499999999999,1.1383899999999998,17817,0
2025.04.14 12:00,1.1383899999999998,1.13888,1.133455,1.13388,31002,0
2025.04.14 13:00,1.13388,1.1341649999999999,1.1295950000000001,1.13274,46439,0
2025.04.14 14:00,1.13274,1.136815,1.13197,1.136765,28376,0
2025.04.14 15:00,1.136765,1.138185,1.1352600000000002,1.1357249999999999,30812,0
2025.04.14 16:00,1.1357249999999999,1.1370550000000001,1.133,1.1330749999999998,25056,0
2025.04.14 17:00,1.1330749999999998,1.13479,1.1328399999999998,1.133845,17735,0
2025.04.14 18:00,1.133845,1.1357249999999999,1.1337799999999998,1.1354549999999999,12527,0
2025.04.14 19:00,1.1354549999999999,1.136985,1.135005,1.1354899999999999,9878,0
2025.04.14 20:00,1.1354899999999999,1.13585,1.134305,1.13505,7565,0
2025.04.14 21:00,1.13505,1.135775,1.1347,1.1354950000000001,551,0
2025.04.14 22:00,1.1354950000000001,1.136185,1.134525,1.135405,3532,0
2025.04.14 23:00,1.135405,1.13544,1.133365,1.1336249999999999,7563,0
2025.04.15 00:00,1.1336249999999999,1.133925,1.13172,1.13286,14094,0
2025.04.15 01:00,1.13286,1.1335099999999998,1.1315749999999998,1.1325399999999999,10736,0
2025.04.15 02:00,1.1325399999999999,1.1352449999999998,1.132515,1.13497,9493,0
2025.04.15 03:00,1.13497,1.1353149999999999,1.1343450000000002,1.134755,7670,0
2025.04.15 04:00,1.134755,1.1363349999999999,1.134465,1.1357,9138,0
2025.04.15 05:00,1.1357,1.1368200000000002,1.134885,1.135055,10692,0
2025.04.15 06:00,1.135055,1.1364649999999998,1.132785,1.133225,23254,0
2025.04.15 07:00,1.133225,1.1359949999999999,1.1320549999999998,1.1357149999999998,25038,0
2025.04.15 08:00,1.1357149999999998,1.13791,1.1343649999999998,1.134675,25713,0
2025.04.15 09:00,1.134675,1.135605,1.133305,1.1338650000000001,17682,0
2025.04.15 10:00,1.1338650000000001,1.1349299999999998,1.133225,1.134445,15530,0
2025.04.15 11:00,1.134445,1.134445,1.1314,1.1326649999999998,19392,0
2025.04.15 12:00,1.1326649999999998,1.13415,1.1308799999999999,1.1312950000000002,29241,0
2025.04.15 13:00,1.1312950000000002,1.1328649999999998,1.1305,1.131745,29014,0
2025.04.15 14:00,1.131745,1.132955,1.1285349999999998,1.13289,43451,0
2025.04.15 15:00,1.13289,1.132925,1.128225,1.128885,25369,0
2025.04.15 16:00,1.128885,1.1292,1.126405,1.12743,18483,0
2025.04.15 17:00,1.12743,1.128285,1.1266699999999998,1.127285,13561,0
2025.04.15 18:00,1.127285,1.1276899999999999,1.12661,1.1273499999999999,10631,0
2025.04.15 19:00,1.1273499999999999,1.12876,1.127145,1.128245,7298,0
2025.04.15 20:00,1.128245,1.12899,1.12795,1.128275,4574,0
2025.04.15 21:00,1.128275,1.1286749999999999,1.12805,1.12824,1084,0
2025.04.15 22:00,1.12824,1.1299549999999998,1.1281599999999998,1.12955,4234,0
2025.04.15 23:00,1.12955,1.12989,1.1283150000000002,1.12937,9434,0
2025.04.16 00:00,1.12937,1.13219,1.12928,1.1316899999999999,17617,0
2025.04.16 01:00,1.1316899999999999,1.1330749999999998,1.1316350000000002,1.1324649999999998,13289,0
2025.04.16 02:00,1.1324649999999998,1.133185,1.13179,1.13276,10275,0
2025.04.16 03:00,1.13276,1.134345,1.1324450000000001,1.134335,9738,0
2025.04.16 04:00,1.134335,1.134795,1.133295,1.13462,9644,0
2025.04.16 05:00,1.13462,1.138585,1.1341199999999998,1.1380849999999998,15253,0
2025.04.16 06:00,1.1380849999999998,1.13828,1.1360649999999999,1.13608,22729,0
2025.04.16 07:00,1.13608,1.13923,1.135915,1.1387049999999999,22808,0
2025.04.16 08:00,1.1387049999999999,1.138825,1.13381,1.136955,41779,0
2025.04.16 09:00,1.136955,1.1377899999999999,1.1355849999999998,1.136015,26850,0
2025.04.16 10:00,1.136015,1.137435,1.1352349999999998,1.1357599999999999,23841,0
2025.04.16 11:00,1.1357599999999999,1.137395,1.1354899999999999,1.1363050000000001,20044,0
2025.04.16 12:00,1.1363050000000001,1.13658,1.134035,1.13516,32148,0
2025.04.16 13:00,1.13516,1.13739,1.134965,1.136755,33355,0
2025.04.16 14:00,1.136755,1.138425,1.1354099999999998,1.1384050000000001,33169,0
2025.04.16 15:00,1.1384050000000001,1.138685,1.13571,1.13816,22605,0
2025.04.16 16:00,1.13816,1.1387049999999999,1.1370149999999999,1.13749,15422,0
2025.04.16 17:00,1.13749,1.139005,1.1359249999999999,1.1375250000000001,22476,0
2025.04.16 18:00,1.1375250000000001,1.138855,1.13651,1.13863,21276,0
2025.04.16 19:00,1.13863,1.1412900000000001,1.1384699999999999,1.1386500000000002,17773,0
2025.04.16 20:00,1.1386500000000002,1.140015,1.1381649999999999,1.13987,7966,0
2025.04.16 21:00,1.13987,1.140235,1.13956,1.139865,2094,0
2025.04.16 22:00,1.139865,1.140075,1.13952,1.139975,3429,0
2025.04.16 23:00,1.139975,1.1409449999999999,1.1394199999999999,1.13956,7485,0
2025.04.17 00:00,1.13956,1.139705,1.1364999999999998,1.136815,18084,0
2025.04.17 01:00,1.136815,1.136925,1.135535,1.1367099999999999,17056,0
2025.04.17 02:00,1.1367099999999999,1.1381899999999998,1.1364899999999998,1.137835,11391,0
2025.04.17 03:00,1.137835,1.1381000000000001,1.1363949999999998,1.13643,7854,0
2025.04.17 04:00,1.13643,1.1370049999999998,1.136025,1.136235,5588,0
2025.04.17 05:00,1.136235,1.137115,1.13442,1.135235,10093,0
2025.04.17 06:00,1.135235,1.1371099999999998,1.134305,1.135905,19116,0
2025.04.17 07:00,1.135905,1.137905,1.135305,1.13767,21652,0
2025.04.17 08:00,1.13767,1.1388699999999998,1.1368200000000002,1.137855,17772,0
2025.04.17 09:00,1.137855,1.1380949999999999,1.1370149999999999,1.1372550000000001,15992,0
2025.04.17 10:00,1.1372550000000001,1.13767,1.13574,1.1359650000000001,21302,0
2025.04.17 11:00,1.1359650000000001,1.137025,1.1355849999999998,1.1356549999999999,13571,0
2025.04.17 12:00,1.1356549999999999,1.1368049999999998,1.133535,1.1356350000000002,39124,0
2025.04.17 13:00,1.1356350000000002,1.1377899999999999,1.1350850000000001,1.13612,39421,0
2025.04.17 14:00,1.13612,1.138595,1.13387,1.134945,31831,0
2025.04.17 15:00,1.134945,1.137665,1.134755,1.13633,22251,0
2025.04.17 16:00,1.13633,1.13712,1.134,1.13506,23799,0
2025.04.17 17:00,1.13506,1.1354,1.13411,1.1351200000000001,12392,0
2025.04.17 18:00,1.1351200000000001,1.13753,1.13432,1.1373600000000001,12393,0
2025.04.17 19:00,1.1373600000000001,1.13761,1.136835,1.137335,6900,0
2025.04.17 20:00,1.137335,1.13766,1.1362,1.13647,5382,0
2025.04.17 21:00,1.13647,1.1369850000000001,1.1362700000000001,1.136925,403,0
2025.04.17 22:00,1.136925,1.1373,1.136555,1.136975,7866,0
2025.04.17 23:00,1.136975,1.137675,1.136835,1.137175,4975,0
2025.04.18 00:00,1.137175,1.1386349999999998,1.136285,1.1375099999999998,14052,0
2025.04.18 01:00,1.1375099999999998,1.13778,1.13682,1.1372,21810,0
2025.04.18 02:00,1.1372,1.13787,1.1368550000000002,1.1372499999999999,15107,0
2025.04.18 03:00,1.1372499999999999,1.137665,1.136975,1.137325,20139,0
2025.04.18 04:00,1.137325,1.137475,1.136915,1.136985,16505,0
2025.04.18 05:00,1.136985,1.13747,1.13614,1.137055,14289,0
2025.04.18 06:00,1.137055,1.13764,1.136215,1.1362199999999998,21220,0
2025.04.18 07:00,1.1362199999999998,1.13764,1.1358199999999998,1.136965,18907,0
2025.04.18 08:00,1.136965,1.13721,1.136725,1.137165,19419,0
2025.04.18 09:00,1.137165,1.137295,1.1367349999999998,1.13692,13600,0
2025.04.18 10:00,1.13692,1.13748,1.13685,1.13736,16052,0
2025.04.18 11:00,1.13736,1.13832,1.13721,1.1380949999999999,16302,0
2025.04.18 12:00,1.1380949999999999,1.1386699999999998,1.138045,1.1382750000000001,11748,0
2025.04.18 13:00,1.1382750000000001,1.1382999999999999,1.137635,1.137945,8524,0
2025.04.18 14:00,1.137945,1.1397849999999998,1.13789,1.1396249999999999,8670,0
2025.04.18 15:00,1.1396249999999999,1.1396799999999998,1.1387649999999998,1.1392,9254,0
2025.04.18 16:00,1.1392,1.13956,1.1387,1.13949,9027,0
2025.04.18 17:00,1.13949,1.139545,1.139035,1.13924,6783,0
2025.04.18 18:00,1.13924,1.139605,1.1390149999999999,1.1394250000000001,4498,0
2025.04.18 19:00,1.1394250000000001,1.139805,1.139265,1.13952,1161,0
2025.04.18 20:00,1.13952,1.1395849999999998,1.139035,1.139275,1465,0
2025.04.20 20:00,1.139275,1.139825,1.139275,1.139595,43,0
2025.04.20 21:00,1.139595,1.142525,1.139525,1.1423100000000002,926,0
2025.04.20 22:00,1.1423100000000002,1.143875,1.1393550000000001,1.14333,9486,0
2025.04.20 23:00,1.14333,1.145845,1.14333,1.1448999999999998,12795,0
2025.04.21 00:00,1.1448999999999998,1.14865,1.14489,1.1466349999999998,24548,0
2025.04.21 01:00,1.1466349999999998,1.1479249999999999,1.1465100000000001,1.147675,16013,0
2025.04.21 02:00,1.147675,1.153355,1.147205,1.1504599999999998,22415,0
2025.04.21 03:00,1.1504599999999998,1.15251,1.1504599999999998,1.15151,9934,0
2025.04.21 04:00,1.15151,1.151745,1.149875,1.151735,8848,0
2025.04.21 05:00,1.151735,1.1535,1.1514799999999998,1.15314,12331,0
2025.04.21 06:00,1.15314,1.1534749999999998,1.15048,1.151555,16725,0
2025.04.21 07:00,1.151555,1.1567949999999998,1.150945,1.155555,22816,0
2025.04.21 08:00,1.155555,1.1564649999999999,1.153775,1.155825,21099,0
2025.04.21 09:00,1.155825,1.15733,1.15449,1.1547049999999999,17626,0
2025.04.21 10:00,1.1547049999999999,1.1548500000000002,1.152145,1.15235,13882,0
2025.04.21 11:00,1.15235,1.1547749999999999,1.15131,1.1542949999999998,16618,0
2025.04.21 12:00,1.1542949999999998,1.1549999999999998,1.1521249999999998,1.15428,17943,0
2025.04.21 13:00,1.15428,1.154315,1.1501549999999998,1.151915,23529,0
2025.04.21 14:00,1.151915,1.1524899999999998,1.1489699999999998,1.1497799999999998,24602,0
2025.04.21 15:00,1.1497799999999998,1.15079,1.14815,1.15072,19201,0
2025.04.21 16:00,1.15072,1.1513550000000001,1.15004,1.15092,12936,0
2025.04.21 17:00,1.15092,1.151485,1.149355,1.15138,10589,0
2025.04.21 18:00,1.15138,1.1525400000000001,1.15122,1.152215,9066,0
2025.04.21 19:00,1.152215,1.152695,1.15124,1.1512799999999999,8973,0
2025.04.21 20:00,1.1512799999999999,1.15161,1.15049,1.1514,5706,0
2025.04.21 21:00,1.1514,1.151625,1.1510449999999999,1.1511149999999999,300,0
2025.04.21 22:00,1.1511149999999999,1.1525400000000001,1.1506750000000001,1.1523349999999999,3209,0
2025.04.21 23:00,1.1523349999999999,1.1524,1.15075,1.151415,8127,0
2025.04.22 00:00,1.151415,1.151425,1.14819,1.149035,17999,0
2025.04.22 01:00,1.149035,1.149845,1.1485750000000001,1.149585,15217,0
2025.04.22 02:00,1.149585,1.152075,1.149395,1.152065,10562,0
2025.04.22 03:00,1.152065,1.1540849999999998,1.15191,1.15347,16405,0
2025.04.22 04:00,1.15347,1.154015,1.15274,1.1530200000000002,8422,0
2025.04.22 05:00,1.1530200000000002,1.1547450000000001,1.151845,1.1542249999999998,18256,0
2025.04.22 06:00,1.1542249999999998,1.1545899999999998,1.14962,1.150075,30642,0
2025.04.22 07:00,1.150075,1.150925,1.14831,1.15057,31068,0
2025.04.22 08:00,1.15057,1.1515300000000002,1.14947,1.1499799999999998,26703,0
2025.04.22 09:00,1.1499799999999998,1.15079,1.1487850000000002,1.1490649999999998,21927,0
2025.04.22 10:00,1.1490649999999998,1.1500599999999999,1.14881,1.1488649999999998,21362,0
2025.04.22 11:00,1.1488649999999998,1.1500849999999998,1.148365,1.14858,17564,0
2025.04.22 12:00,1.14858,1.14905,1.1461299999999999,1.147025,30050,0
2025.04.22 13:00,1.147025,1.148515,1.1456,1.1474099999999998,27507,0
2025.04.22 14:00,1.1474099999999998,1.1492200000000001,1.1461000000000001,1.1478199999999998,27823,0
2025.04.22 15:00,1.1478199999999998,1.1485699999999999,1.14636,1.1465049999999999,23096,0
2025.04.22 16:00,1.1465049999999999,1.1469,1.14332,1.143395,26341,0
2025.04.22 17:00,1.143395,1.14541,1.1430850000000001,1.145035,21374,0
2025.04.22 18:00,1.145035,1.145035,1.142255,1.14273,11044,0
2025.04.22 19:00,1.14273,1.143425,1.1419799999999998,1.142085,8919,0
2025.04.22 20:00,1.142085,1.14304,1.14175,1.14209,5000,0
2025.04.22 21:00,1.14209,1.142855,1.1361849999999998,1.136305,3530,0
2025.04.22 22:00,1.136305,1.13707,1.1307649999999998,1.13374,30891,0
2025.04.22 23:00,1.13374,1.1362700000000001,1.132955,1.135065,22042,0
2025.04.23 00:00,1.135065,1.1398199999999998,1.1349299999999998,1.13974,26478,0
2025.04.23 01:00,1.13974,1.1415449999999998,1.1384400000000001,1.141015,21190,0
2025.04.23 02:00,1.141015,1.14108,1.1390099999999999,1.14047,13776,0
2025.04.23 03:00,1.14047,1.140545,1.13733,1.1379199999999998,12086,0
2025.04.23 04:00,1.1379199999999998,1.1391900000000001,1.137085,1.139015,10120,0
2025.04.23 05:00,1.139015,1.1399849999999998,1.13712,1.137695,13931,0
2025.04.23 06:00,1.137695,1.1396600000000001,1.13747,1.1385049999999999,31534,0
2025.04.23 07:00,1.1385049999999999,1.140935,1.13784,1.13859,36032,0
2025.04.23 08:00,1.13859,1.1415449999999998,1.13796,1.141295,23533,0
2025.04.23 09:00,1.141295,1.1439949999999999,1.14128,1.1418149999999998,19848,0
2025.04.23 10:00,1.1418149999999998,1.14196,1.1390099999999999,1.140205,16030,0
2025.04.23 11:00,1.140205,1.141605,1.13862,1.1410999999999998,18913,0
2025.04.23 12:00,1.1410999999999998,1.1419799999999998,1.1401999999999999,1.140545,19604,0
2025.04.23 13:00,1.140545,1.141235,1.133325,1.13334,50357,0
2025.04.23 14:00,1.13334,1.138175,1.132785,1.13534,63405,0
2025.04.23 15:00,1.13534,1.1383549999999998,1.1343649999999998,1.134875,50143,0
2025.04.23 16:00,1.134875,1.13659,1.1336650000000001,1.13398,25317,0
2025.04.23 17:00,1.13398,1.134395,1.132505,1.13296,15568,0
2025.04.23 18:00,1.13296,1.13302,1.131525,1.1323750000000001,14145,0
2025.04.23 19:00,1.1323750000000001,1.13321,1.1318199999999998,1.132755,10121,0
2025.04.23 20:00,1.132755,1.132855,1.131035,1.131485,6981,0
2025.04.23 21:00,1.131485,1.13252,1.131485,1.1324049999999999,674,0
2025.04.23 22:00,1.1324049999999999,1.13475,1.13213,1.1332499999999999,5987,0
2025.04.23 23:00,1.1332499999999999,1.1338650000000001,1.13262,1.13296,9344,0
2025.04.24 00:00,1.13296,1.1347049999999999,1.132155,1.134375,15528,0
2025.04.24 01:00,1.134375,1.1357650000000001,1.13402,1.13483,19131,0
2025.04.24 02:00,1.13483,1.13574,1.134625,1.13552,9456,0
2025.04.24 03:00,1.13552,1.1356199999999999,1.133645,1.133835,7451,0
2025.04.24 04:00,1.133835,1.134215,1.1332399999999998,1.13394,6288,0
2025.04.24 05:00,1.13394,1.1345800000000001,1.13308,1.133635,11198,0
2025.04.24 06:00,1.133635,1.13545,1.1335950000000001,1.13523,16787,0
2025.04.24 07:00,1.13523,1.138075,1.135165,1.137975,21367,0
2025.04.24 08:00,1.137975,1.13931,1.13629,1.1380599999999998,25696,0
2025.04.24 09:00,1.1380599999999998,1.139135,1.1375099999999998,1.1384599999999998,14387,0
2025.04.24 10:00,1.1384599999999998,1.139475,1.1376149999999998,1.13794,13879,0
2025.04.24 11:00,1.13794,1.139035,1.136845,1.1372849999999999,16519,0
2025.04.24 12:00,1.1372849999999999,1.13787,1.13579,1.13766,24613,0
2025.04.24 13:00,1.13766,1.13841,1.136345,1.1376049999999998,23164,0
2025.04.24 14:00,1.1376049999999998,1.1387450000000001,1.1363050000000001,1.1372749999999998,27869,0
2025.04.24 15:00,1.1372749999999998,1.1376049999999998,1.13476,1.136085,22680,0
2025.04.24 16:00,1.136085,1.13807,1.135775,1.137995,15773,0
2025.04.24 17:00,1.137995,1.138575,1.13673,1.13692,9923,0
2025.04.24 18:00,1.13692,1.1379549999999998,1.136375,1.1377950000000001,8206,0
2025.04.24 19:00,1.1377950000000001,1.139755,1.137765,1.138465,7871,0
2025.04.24 20:00,1.138465,1.13981,1.138195,1.138885,6461,0
2025.04.24 21:00,1.138885,1.1394,1.138465,1.13879,2433,0
2025.04.24 22:00,1.13879,1.139215,1.138395,1.1386599999999998,2645,0
2025.04.24 23:00,1.1386599999999998,1.1388449999999999,1.13706,1.137265,4293,0
2025.04.25 00:00,1.137265,1.137265,1.134675,1.1347399999999999,11726,0
2025.04.25 01:00,1.1347399999999999,1.13552,1.13425,1.134315,13910,0
2025.04.25 02:00,1.134315,1.13516,1.134115,1.13482,8430,0
2025.04.25 03:00,1.13482,1.135945,1.132505,1.13258,15975,0
2025.04.25 04:00,1.13258,1.13362,1.1315650000000002,1.133515,11441,0
2025.04.25 05:00,1.133515,1.1341899999999998,1.132545,1.13313,12419,0
2025.04.25 06:00,1.13313,1.135755,1.13217,1.13418,19422,0
2025.04.25 07:00,1.13418,1.13685,1.13418,1.13599,26872,0
2025.04.25 08:00,1.13599,1.136445,1.13399,1.1350449999999999,15435,0
2025.04.25 09:00,1.1350449999999999,1.136105,1.13449,1.13463,15500,0
2025.04.25 10:00,1.13463,1.13597,1.133425,1.135605,17618,0
2025.04.25 11:00,1.135605,1.13669,1.134575,1.134925,13752,0
2025.04.25 12:00,1.134925,1.136045,1.134915,1.1352449999999998,13384,0
2025.04.25 13:00,1.1352449999999998,1.13556,1.133305,1.1353399999999998,23219,0
2025.04.25 14:00,1.1353399999999998,1.13808,1.135225,1.1368399999999999,26010,0
2025.04.25 15:00,1.1368399999999999,1.13823,1.13579,1.138035,15245,0
2025.04.25 16:00,1.138035,1.138875,1.136825,1.136855,9731,0
2025.04.25 17:00,1.136855,1.1382849999999998,1.13651,1.13768,11158,0
2025.04.25 18:00,1.13768,1.13809,1.136925,1.137965,8155,0
2025.04.25 19:00,1.137965,1.1381199999999998,1.135875,1.13592,12456,0
2025.04.25 20:00,1.13592,1.136625,1.135665,1.1363400000000001,7534,0
2025.04.27 00:00,1.1363400000000001,1.136345,1.1363349999999999,1.1363400000000001,14,0
2025.04.27 01:00,1.1363400000000001,1.136345,1.1363349999999999,1.1363400000000001,40,0
2025.04.27 02:00,1.1363400000000001,1.136345,1.1363349999999999,1.1363400000000001,16,0
2025.04.27 03:00,1.1363400000000001,1.136345,1.1363349999999999,1.1363400000000001,20,0
2025.04.27 19:00,1.1363400000000001,1.13754,1.136235,1.1363249999999998,56,0
2025.04.27 20:00,1.1363249999999998,1.137155,1.13619,1.136315,196,0
2025.04.27 21:00,1.136315,1.136745,1.1357949999999999,1.136215,202,0
2025.04.27 22:00,1.136215,1.13653,1.13399,1.134995,6078,0
2025.04.27 23:00,1.134995,1.135505,1.134115,1.1345049999999999,9038,0
2025.04.28 00:00,1.1345049999999999,1.13647,1.13448,1.13639,20048,0
2025.04.28 01:00,1.13639,1.1366649999999998,1.134955,1.13513,21328,0
2025.04.28 02:00,1.13513,1.1357300000000001,1.134315,1.1353499999999999,14502,0
2025.04.28 03:00,1.1353499999999999,1.13604,1.1351200000000001,1.13563,9460,0
2025.04.28 04:00,1.13563,1.1372550000000001,1.1352600000000002,1.13722,12658,0
2025.04.28 05:00,1.13722,1.13809,1.137165,1.1374499999999999,16716,0
2025.04.28 06:00,1.1374499999999999,1.1374499999999999,1.1329500000000001,1.13315,37174,0
2025.04.28 07:00,1.13315,1.136185,1.13309,1.13484,34476,0
2025.04.28 08:00,1.13484,1.1351649999999998,1.13353,1.13438,30664,0
2025.04.28 09:00,1.13438,1.135885,1.134215,1.1349900000000002,32790,0
2025.04.28 10:00,1.1349900000000002,1.1360700000000001,1.134585,1.135055,23876,0
2025.04.28 11:00,1.135055,1.135625,1.134105,1.13516,23000,0
2025.04.28 12:00,1.13516,1.137295,1.13503,1.1351049999999998,33116,0
2025.04.28 13:00,1.1351049999999998,1.137435,1.133945,1.136475,44960,0
2025.04.28 14:00,1.136475,1.141385,1.13573,1.1378650000000001,60884,0
2025.04.28 15:00,1.1378650000000001,1.139255,1.137105,1.1386249999999998,42326,0
2025.04.28 16:00,1.1386249999999998,1.142245,1.1385049999999999,1.141155,36816,0
2025.04.28 17:00,1.141155,1.14195,1.1400299999999999,1.140105,28070,0
2025.04.28 18:00,1.140105,1.14142,1.1400299999999999,1.1413449999999998,19814,0
2025.04.28 19:00,1.1413449999999998,1.1425,1.141315,1.142195,15574,0
2025.04.28 20:00,1.142195,1.1425049999999999,1.141765,1.1420149999999998,8404,0
2025.04.28 21:00,1.1420149999999998,1.142265,1.14177,1.1420849999999998,522,0
2025.04.28 22:00,1.1420849999999998,1.14221,1.141165,1.14128,5000,0
2025.04.28 23:00,1.14128,1.14219,1.1400649999999999,1.140775,12656,0
2025.04.29 00:00,1.140775,1.141625,1.13991,1.13997,16736,0
2025.04.29 01:00,1.13997,1.1408800000000001,1.1387399999999999,1.139255,17134,0
2025.04.29 02:00,1.139255,1.142015,1.13922,1.13983,26498,0
2025.04.29 03:00,1.13983,1.1400000000000001,1.138655,1.1390699999999998,18328,0
2025.04.29 04:00,1.1390699999999998,1.139395,1.13741,1.13782,14852,0
2025.04.29 05:00,1.13782,1.13882,1.1376149999999998,1.1387049999999999,16546,0
2025.04.29 06:00,1.1387049999999999,1.139955,1.1383199999999998,1.13897,32184,0
2025.04.29 07:00,1.13897,1.14121,1.1387299999999998,1.140355,46082,0
2025.04.29 08:00,1.140355,1.1408399999999999,1.13815,1.1385399999999999,38806,0
2025.04.29 09:00,1.1385399999999999,1.13977,1.13802,1.13803,28084,0
2025.04.29 10:00,1.13803,1.1385450000000001,1.1372849999999999,1.1378050000000002,25076,0
2025.04.29 11:00,1.1378050000000002,1.138715,1.1371099999999998,1.1374499999999999,25460,0
2025.04.29 12:00,1.1374499999999999,1.14146,1.13701,1.141055,41070,0
2025.04.29 13:00,1.141055,1.14174,1.138995,1.1399599999999999,55684,0
2025.04.29 14:00,1.1399599999999999,1.141775,1.137875,1.1383,68060,0
2025.04.29 15:00,1.1383,1.14046,1.138215,1.139605,39432,0
2025.04.29 16:00,1.139605,1.1418949999999999,1.139525,1.1403249999999998,32370,0
2025.04.29 17:00,1.1403249999999998,1.140475,1.1383649999999998,1.138585,21712,0
2025.04.29 18:00,1.138585,1.13932,1.137605,1.1382400000000001,21200,0
2025.04.29 19:00,1.1382400000000001,1.1388699999999998,1.13761,1.1381549999999998,13958,0
2025.04.29 20:00,1.1381549999999998,1.139215,1.1380599999999998,1.13862,10056,0
2025.04.29 21:00,1.13862,1.139025,1.137875,1.13882,342,0
2025.04.29 22:00,1.13882,1.13958,1.1384349999999999,1.139185,5544,0
2025.04.29 23:00,1.139185,1.13933,1.138585,1.1390500000000001,7478,0
2025.04.30 00:00,1.1390500000000001,1.139535,1.13768,1.13825,17470,0
2025.04.30 01:00,1.13825,1.138655,1.135685,1.135865,20490,0
2025.04.30 02:00,1.135865,1.1372550000000001,1.1354899999999999,1.13706,17692,0
2025.04.30 03:00,1.13706,1.137985,1.1366749999999999,1.13687,12136,0
2025.04.30 04:00,1.13687,1.13782,1.13665,1.137325,11258,0
2025.04.30 05:00,1.137325,1.13845,1.13716,1.1382949999999998,11216,0
2025.04.30 06:00,1.1382949999999998,1.1399650000000001,1.13659,1.1390099999999999,29214,0
2025.04.30 07:00,1.1390099999999999,1.13906,1.13735,1.13781,34440,0
2025.04.30 08:00,1.13781,1.138525,1.136215,1.13714,35072,0
2025.04.30 09:00,1.13714,1.1379549999999998,1.136025,1.136235,26626,0
2025.04.30 10:00,1.136235,1.136995,1.136075,1.1362,21944,0
2025.04.30 11:00,1.1362,1.138055,1.135595,1.1373199999999999,28048,0
2025.04.30 12:00,1.1373199999999999,1.138875,1.136475,1.1373699999999998,59154,0
2025.04.30 13:00,1.1373699999999998,1.13776,1.1361249999999998,1.1369150000000001,47253,0
2025.04.30 14:00,1.1369150000000001,1.1378949999999999,1.13496,1.136695,70058,0
2025.04.30 15:00,1.136695,1.1375099999999998,1.1323349999999999,1.1348150000000001,71794,0
2025.04.30 16:00,1.1348150000000001,1.13592,1.1344750000000001,1.135555,29654,0
2025.04.30 17:00,1.135555,1.136485,1.13451,1.13458,21736,0
2025.04.30 18:00,1.13458,1.135835,1.1343,1.1349,27022,0
2025.04.30 19:00,1.1349,1.1353499999999999,1.13281,1.132965,18408,0
2025.04.30 20:00,1.132965,1.13314,1.13172,1.1328649999999998,18020,0
2025.04.30 21:00,1.1328649999999998,1.1332849999999999,1.1326299999999998,1.1328449999999999,644,0
2025.04.30 22:00,1.1328449999999999,1.13327,1.13222,1.132555,5770,0
2025.04.30 23:00,1.132555,1.1326399999999999,1.131885,1.1322100000000002,8200,0
2025.05.01 00:00,1.1322100000000002,1.13296,1.1320649999999999,1.132185,15460,0
2025.05.01 01:00,1.132185,1.1322299999999998,1.1302949999999998,1.13084,14258,0
2025.05.01 02:00,1.13084,1.13163,1.130585,1.13154,9286,0
2025.05.01 03:00,1.13154,1.131875,1.12995,1.131205,19788,0
2025.05.01 04:00,1.131205,1.13144,1.1302349999999999,1.13025,12290,0
2025.05.01 05:00,1.13025,1.130665,1.128755,1.13,20732,0
2025.05.01 06:00,1.13,1.1312600000000002,1.1298300000000001,1.1302599999999998,29788,0
2025.05.01 07:00,1.1302599999999998,1.131075,1.1287500000000001,1.131005,33402,0
2025.05.01 08:00,1.131005,1.1330900000000002,1.130985,1.131975,26018,0
2025.05.01 09:00,1.131975,1.132485,1.1313399999999998,1.13143,19534,0
2025.05.01 10:00,1.13143,1.133425,1.13118,1.13323,21748,0
2025.05.01 11:00,1.13323,1.134115,1.131625,1.13201,25410,0
2025.05.01 12:00,1.13201,1.1339,1.1308099999999999,1.1315149999999998,48372,0
2025.05.01 13:00,1.1315149999999998,1.132755,1.13111,1.132035,41114,0
2025.05.01 14:00,1.132035,1.132035,1.12702,1.128165,65550,0
2025.05.01 15:00,1.128165,1.129025,1.1265749999999999,1.127935,43648,0
2025.05.01 16:00,1.127935,1.129225,1.127275,1.12907,26634,0
2025.05.01 17:00,1.12907,1.129135,1.127975,1.128295,16742,0
2025.05.01 18:00,1.128295,1.12935,1.12751,1.12855,21794,0
2025.05.01 19:00,1.12855,1.12923,1.128115,1.128855,17190,0
2025.05.01 20:00,1.128855,1.12942,1.128475,1.1290149999999999,11050,0
2025.05.01 21:00,1.1290149999999999,1.1291,1.1287099999999999,1.12881,620,0
2025.05.01 22:00,1.12881,1.129935,1.12881,1.1295350000000002,4652,0
2025.05.01 23:00,1.1295350000000002,1.12978,1.12912,1.1295799999999998,7800,0
2025.05.02 00:00,1.1295799999999998,1.1299299999999999,1.1274250000000001,1.128215,24308,0
2025.05.02 01:00,1.128215,1.12957,1.12786,1.12957,22842,0
2025.05.02 02:00,1.12957,1.130335,1.1292849999999999,1.129405,15196,0
2025.05.02 03:00,1.129405,1.131565,1.129385,1.1312799999999998,16078,0
2025.05.02 04:00,1.1312799999999998,1.131395,1.130115,1.130415,19664,0
2025.05.02 05:00,1.130415,1.1314099999999998,1.13023,1.13079,17062,0
2025.05.02 06:00,1.13079,1.1329099999999999,1.130585,1.132835,30360,0
